关键词,内容回复
演示,<a href="">[地区][时间][剧名]</a>
你好,我很哈
123,223
好吗,不好
,
,
,
,
,
,
,
,
,
,
,
,
,
,
,
,
,
,
,
,
,
,
,
,
,
,
,
,
,
,
,
,
,
,
,
,
,
,
,
,
,
,
,
,
,
,
,
,
,
,
,
,
,
,
,
,
,
,
,
,
,
,
,
,
,
,
,
,
,
,
,
,
,
,
,
,
,
,
,
,
,
,
,
,
,
,
,
,
,
,
,
,
,
,
,
,
,
,
,
,
,
,
,
,
,
,
,
,
,
,
,
,
,
,
,
,
,
,
,
,
,
,
,
,
,
,
,
,
,
,
,
,
,
,
,
,
,
,
,
,
,
,
,
,
,
,
,
,
,
,
,
,
,
,
,
,
,
,
,
,
,
,
,
,
,
,
,
,
,
,
,
,
,
,
,
,
,
,
,
,
,
,
,
,
,
,
,
,
,
,
,
,
,
,
,
,
,
,
,
,
,
,
,
,
,
,
,
,
,
,
,
,
雷神 诸神黄昏 黑暗世界,<a href="https://pan.baidu.com/s/1x4leO70XarrQTWWSOt3N5Q">[美国][1-3部][雷神]</a>
黑豹,<a href="https://pan.baidu.com/s/1sxUNDTc9buM1YFKmgRUynA">[美国][1-2部][黑豹]</a>
